Time,Channel,Risetime,CountsToPeak,Counts,Energy,Duration,Amplitude,ASL,Threshold,AvgFreq,RMS,RevFreq,InitFreq,SignalStrength,AbsEnergy,FreqCentroid,PeakFreq,filler_pct,test_type,specimen
789.9620197499999,5.0,31.0,5.0,26.0,9.0,387.0,60.0,65.0,45.0,67.0,1.8494216,58.0,161.0,58593.551,1974.4951,180.0,108.0,5,PureComp,5pct_PureComp
792.27631275,5.0,1633.0,141.0,278.0,104.0,2900.0,65.0,69.0,45.0,96.0,3.1830804,108.0,86.0,654740.44,30953.512,176.0,120.0,5,PureComp,5pct_PureComp
802.7803042499999,5.0,1559.0,134.0,207.0,71.0,2493.0,66.0,72.0,45.0,83.0,4.3519397,78.0,85.0,448679.41,18400.156,189.0,90.0,5,CAI,5pct_CAI
114.49722875,1.0,589.0,3.0,36.0,7.0,482.0,55.0,53.0,45.0,75.0,0.4547258,0.0,5.0,44386.648,1006.3903,251.0,240.0,0,PureComp,0pct_PureComp
115.02161475,5.0,72.0,6.0,23.0,9.0,300.0,60.0,41.0,45.0,77.0,0.12512589,74.0,83.0,60618.75,2582.718,158.0,117.0,0,PureComp,0pct_PureComp
354.929496,3.0,417.0,8.0,27.0,7.0,697.0,51.0,58.0,45.0,39.0,0.86062199,67.0,19.0,49843.102,914.24469,230.0,149.0,3,CAI,3pct_CAI
1584.32273575,7.0,62.0,10.0,137.0,56.0,1701.0,67.0,40.0,45.0,81.0,0.10071108,77.0,161.0,350179.66,19697.436,162.0,155.0,0,CAI,0pct_CAI
323.55059075,3.0,3.0,3.0,24.0,7.0,208.0,59.0,36.0,45.0,115.0,0.064088874,102.0,1000.0,47689.801,2129.6458,221.0,152.0,3,CAI,3pct_CAI
365.89564875,3.0,442.0,26.0,111.0,51.0,3985.0,64.0,50.0,45.0,28.0,0.35096285,23.0,58.0,320292.69,10358.203,173.0,155.0,3,CAI,3pct_CAI
786.3766405,5.0,87.0,9.0,22.0,8.0,249.0,61.0,67.0,45.0,88.0,2.5360882,80.0,103.0,54460.801,2309.8225,159.0,102.0,5,PureComp,5pct_PureComp
423.030402,3.0,35.0,6.0,34.0,19.0,269.0,67.0,41.0,45.0,126.0,0.11291849,119.0,171.0,124519.3,12366.482,183.0,149.0,3,CAI,3pct_CAI
100.41106375,1.0,24.0,5.0,30.0,7.0,381.0,59.0,52.0,45.0,79.0,0.44557023,70.0,208.0,49098.898,1595.5297,229.0,123.0,0,PureComp,0pct_PureComp
653.66998525,5.0,43.0,7.0,29.0,9.0,257.0,61.0,40.0,45.0,113.0,0.10681479,102.0,162.0,59615.301,2643.8215,178.0,158.0,5,CAI,5pct_CAI
805.04843425,5.0,704.0,53.0,176.0,246.0,2153.0,85.0,69.0,45.0,82.0,2.9938657,84.0,75.0,1538444.4,722532.75,143.0,158.0,5,PureComp,5pct_PureComp
529.24953825,5.0,1465.0,142.0,311.0,438.0,3191.0,83.0,59.0,45.0,97.0,0.982696,97.0,96.0,2737426.8,920041.06,137.0,111.0,1,CAI,1pct_CAI
806.5170657499998,5.0,256.0,17.0,33.0,10.0,630.0,52.0,71.0,45.0,52.0,3.7873471,42.0,66.0,63296.648,1095.1467,201.0,105.0,5,PureComp,5pct_PureComp
800.8840644999998,5.0,1793.0,146.0,220.0,190.0,2742.0,77.0,64.0,45.0,80.0,1.7090366,77.0,81.0,1189509.1,236912.06,167.0,114.0,5,CAI,5pct_CAI
786.2433122499998,5.0,2.0,3.0,28.0,13.0,456.0,64.0,69.0,45.0,61.0,3.0243843,55.0,1500.0,86421.75,4776.0542,173.0,128.0,5,PureComp,5pct_PureComp
345.6692415,3.0,42.0,7.0,43.0,16.0,1474.0,59.0,60.0,45.0,29.0,1.1139256,25.0,166.0,105746.55,2928.0605,219.0,152.0,3,CAI,3pct_CAI
115.16861125,1.0,171.0,13.0,44.0,9.0,479.0,62.0,43.0,45.0,92.0,0.14648885,100.0,76.0,59715.949,2029.0383,266.0,249.0,0,PureComp,0pct_PureComp
494.27222925,5.0,124.0,14.0,25.0,8.0,408.0,55.0,56.0,45.0,61.0,0.66225165,38.0,112.0,54189.352,1390.2856,177.0,105.0,1,CAI,1pct_CAI
807.4098212499998,5.0,0.0,1.0,20.0,7.0,212.0,58.0,63.0,45.0,94.0,1.5717032,89.0,1000.0,45750.0,1540.5383,155.0,87.0,5,PureComp,5pct_PureComp
354.5974525,3.0,699.0,37.0,55.0,19.0,2185.0,56.0,54.0,45.0,25.0,0.54933316,12.0,52.0,119563.05,2302.8196,206.0,152.0,3,CAI,3pct_CAI
785.0542924999999,5.0,39.0,6.0,21.0,6.0,185.0,58.0,57.0,45.0,114.0,0.78127384,102.0,153.0,40324.051,1537.6467,178.0,117.0,5,PureComp,5pct_PureComp
100.4158555,1.0,580.0,39.0,45.0,11.0,655.0,58.0,52.0,45.0,69.0,0.44557023,80.0,67.0,71656.703,1619.807,240.0,125.0,0,PureComp,0pct_PureComp
513.2974075,5.0,53.0,8.0,42.0,15.0,474.0,63.0,56.0,45.0,89.0,0.68666649,80.0,150.0,96672.797,4661.4609,173.0,152.0,1,CAI,1pct_CAI
68.3094405,3.0,36.0,5.0,27.0,11.0,251.0,62.0,28.0,45.0,108.0,0.024414808,102.0,138.0,69796.203,3660.4705,171.0,102.0,3,CAI,3pct_CAI
634.7095315,5.0,41.0,6.0,23.0,6.0,291.0,55.0,42.0,45.0,79.0,0.13733329,68.0,146.0,41104.852,1032.4924,181.0,87.0,1,PureComp,1pct_PureComp
358.90149,3.0,11.0,2.0,20.0,7.0,847.0,53.0,64.0,45.0,24.0,1.7303995,21.0,181.0,49080.602,1004.3007,239.0,152.0,3,CAI,3pct_CAI
99.16081625,7.0,156.0,13.0,50.0,13.0,360.0,67.0,54.0,45.0,139.0,0.51271099,181.0,83.0,87211.703,6473.5317,258.0,251.0,0,PureComp,0pct_PureComp
397.69992025,5.0,28.0,4.0,31.0,13.0,408.0,63.0,52.0,45.0,76.0,0.40589619,71.0,142.0,81938.25,3763.1614,168.0,140.0,3,PureComp,3pct_PureComp
783.35909825,5.0,1130.0,58.0,77.0,25.0,1365.0,57.0,68.0,45.0,56.0,2.6673176,80.0,51.0,162394.2,4074.8091,202.0,87.0,5,PureComp,5pct_PureComp
801.3898997499998,5.0,183.0,22.0,35.0,10.0,497.0,56.0,70.0,45.0,70.0,3.3692434,41.0,120.0,62717.148,1562.1257,192.0,158.0,5,CAI,5pct_CAI
801.3716422499998,5.0,12.0,2.0,44.0,14.0,621.0,58.0,66.0,45.0,71.0,2.2247994,68.0,166.0,90219.0,2607.1055,184.0,105.0,5,PureComp,5pct_PureComp
1604.68364075,3.0,45.0,6.0,20.0,5.0,184.0,57.0,18.0,45.0,109.0,0.0061037019,100.0,133.0,35666.699,1270.225,201.0,111.0,0,CAI,0pct_CAI
369.14461725,3.0,7060.0,247.0,312.0,154.0,9375.0,67.0,59.0,45.0,33.0,0.95828122,28.0,34.0,968094.38,45763.043,181.0,152.0,3,CAI,3pct_CAI
405.0721315,3.0,40.0,7.0,34.0,14.0,1289.0,61.0,59.0,45.0,26.0,0.98879969,21.0,175.0,93000.602,2918.373,190.0,143.0,3,CAI,3pct_CAI
796.8899024999998,5.0,33.0,6.0,303.0,879.0,3017.0,98.0,63.0,45.0,100.0,1.5259255,99.0,181.0,5492742.0,12981672.0,169.0,117.0,5,CAI,5pct_CAI
377.301241,5.0,9.0,2.0,25.0,9.0,633.0,54.0,66.0,45.0,39.0,2.12714,36.0,222.0,62070.551,1113.9423,201.0,90.0,3,CAI,3pct_CAI
361.10475,3.0,48.0,8.0,24.0,10.0,704.0,59.0,64.0,45.0,34.0,1.7639699,24.0,166.0,63958.5,1921.537,216.0,155.0,3,CAI,3pct_CAI
787.1550055,5.0,279.0,13.0,39.0,13.0,726.0,58.0,69.0,45.0,54.0,3.0060732,58.0,46.0,86171.648,2047.7548,205.0,117.0,5,PureComp,5pct_PureComp
326.72959975,3.0,345.0,12.0,29.0,12.0,682.0,61.0,64.0,45.0,43.0,1.6663107,50.0,34.0,75511.898,2338.8337,212.0,117.0,3,CAI,3pct_CAI
100.28923925,1.0,367.0,35.0,67.0,24.0,715.0,70.0,54.0,45.0,94.0,0.55848873,91.0,95.0,151097.0,11510.38,194.0,251.0,0,PureComp,0pct_PureComp
331.6057345,3.0,410.0,14.0,35.0,19.0,2438.0,56.0,62.0,45.0,14.0,1.3122959,10.0,34.0,121515.05,2063.2627,216.0,155.0,3,CAI,3pct_CAI
361.0791825,3.0,2011.0,49.0,90.0,43.0,4029.0,61.0,64.0,45.0,22.0,1.7639699,20.0,24.0,274698.25,7811.8955,203.0,149.0,3,CAI,3pct_CAI
788.8127819999999,5.0,317.0,26.0,88.0,32.0,1426.0,64.0,63.0,45.0,62.0,1.4526811,55.0,82.0,203303.84,7691.0161,202.0,117.0,5,PureComp,5pct_PureComp
120.664877,1.0,10.0,3.0,20.0,4.0,148.0,59.0,35.0,45.0,135.0,0.061037019,123.0,300.0,30164.5,1204.665,225.0,111.0,0,PureComp,0pct_PureComp
404.28962625,5.0,0.0,1.0,22.0,9.0,224.0,62.0,20.0,45.0,98.0,0.0091555528,93.0,1000.0,58889.398,3028.2798,185.0,117.0,1,CAI,1pct_CAI
376.349239,7.0,24.0,9.0,31.0,8.0,251.0,58.0,63.0,45.0,124.0,1.495407,96.0,375.0,53326.199,2096.6321,191.0,158.0,3,CAI,3pct_CAI
338.719356,3.0,1554.0,24.0,26.0,13.0,1576.0,56.0,59.0,45.0,16.0,0.97354043,90.0,15.0,85049.25,1564.9717,226.0,149.0,3,CAI,3pct_CAI
114.421367,1.0,320.0,20.0,37.0,7.0,414.0,56.0,72.0,45.0,89.0,4.2664876,180.0,62.0,44853.301,909.56403,265.0,251.0,0,PureComp,0pct_PureComp
802.7684044999999,5.0,125.0,7.0,36.0,15.0,589.0,62.0,72.0,45.0,61.0,4.3519397,62.0,56.0,99393.398,4336.4834,165.0,155.0,5,CAI,5pct_CAI
375.698607,7.0,299.0,36.0,60.0,21.0,901.0,61.0,58.0,45.0,67.0,0.83925903,39.0,120.0,132623.16,4546.1709,185.0,155.0,3,CAI,3pct_CAI
340.30335175,3.0,2546.0,20.0,30.0,20.0,3030.0,57.0,49.0,45.0,10.0,0.29602954,20.0,7.0,130073.35,1799.2311,227.0,146.0,3,CAI,3pct_CAI
350.7168175,3.0,2052.0,39.0,115.0,59.0,6186.0,66.0,62.0,45.0,19.0,1.4343699,18.0,19.0,369538.0,13354.241,248.0,149.0,3,CAI,3pct_CAI
366.6290915,3.0,4040.0,72.0,173.0,96.0,10564.0,59.0,57.0,45.0,16.0,0.72023684,15.0,17.0,603158.88,10534.503,210.0,134.0,3,CAI,3pct_CAI
334.973947,3.0,1510.0,119.0,143.0,58.0,2713.0,64.0,66.0,45.0,53.0,2.12714,19.0,78.0,365585.19,15243.002,174.0,120.0,3,CAI,3pct_CAI
331.986371,3.0,251.0,14.0,48.0,20.0,2066.0,58.0,44.0,45.0,23.0,0.17700736,18.0,55.0,125873.5,3387.4553,228.0,149.0,3,CAI,3pct_CAI
107.57459225,5.0,278.0,18.0,80.0,114.0,1304.0,81.0,45.0,45.0,61.0,0.18005921,60.0,64.0,714337.44,217982.5,149.0,90.0,0,PureComp,0pct_PureComp
107.863085,1.0,566.0,33.0,46.0,13.0,910.0,55.0,54.0,45.0,51.0,0.54322946,37.0,58.0,81608.852,1386.7334,237.0,123.0,0,PureComp,0pct_PureComp
786.4671874999998,5.0,292.0,11.0,21.0,6.0,440.0,55.0,67.0,45.0,48.0,2.53914,67.0,37.0,41958.852,888.60767,217.0,158.0,5,PureComp,5pct_PureComp
767.0264589999998,5.0,94.0,14.0,36.0,12.0,335.0,60.0,46.0,45.0,107.0,0.21057771,91.0,148.0,77509.648,3044.7434,167.0,84.0,5,PureComp,5pct_PureComp
377.28754175,5.0,466.0,39.0,190.0,285.0,2381.0,83.0,66.0,45.0,80.0,2.108829,78.0,83.0,1781892.4,611491.38,145.0,90.0,3,CAI,3pct_CAI
338.831626,3.0,71.0,4.0,22.0,12.0,271.0,65.0,59.0,45.0,81.0,0.99185157,90.0,56.0,74956.797,6320.4082,179.0,149.0,3,CAI,3pct_CAI
783.5083802499998,5.0,25.0,4.0,65.0,20.0,1024.0,59.0,69.0,45.0,63.0,3.0182805,61.0,160.0,126126.65,3027.2271,196.0,87.0,5,PureComp,5pct_PureComp
779.72014875,5.0,39.0,9.0,191.0,459.0,2499.0,94.0,65.0,45.0,76.0,1.8585773,73.0,230.0,2867613.0,4286972.0,147.0,117.0,5,PureComp,5pct_PureComp
802.4392957499998,5.0,57.0,6.0,32.0,12.0,357.0,60.0,72.0,45.0,90.0,4.0559101,86.0,105.0,75877.898,3156.7041,168.0,108.0,5,PureComp,5pct_PureComp
377.4105525,5.0,101.0,9.0,35.0,14.0,412.0,58.0,66.0,45.0,85.0,2.1851254,83.0,89.0,89090.5,3167.2905,149.0,90.0,3,CAI,3pct_CAI
506.9306465,5.0,88.0,8.0,22.0,5.0,250.0,56.0,42.0,45.0,88.0,0.13733329,86.0,90.0,35102.449,871.3493,184.0,152.0,1,CAI,1pct_CAI
687.5771327499999,5.0,513.0,43.0,78.0,24.0,902.0,63.0,48.0,45.0,86.0,0.27466658,89.0,83.0,152936.16,5905.6357,199.0,193.0,5,CAI,5pct_CAI
807.330241,5.0,293.0,6.0,24.0,5.0,285.0,52.0,68.0,45.0,84.0,2.7344584,0.0,20.0,34236.25,723.74933,200.0,117.0,5,PureComp,5pct_PureComp
382.3971145,3.0,8445.0,399.0,759.0,326.0,23069.0,71.0,63.0,45.0,33.0,1.5411848,24.0,47.0,2037134.6,86619.352,208.0,152.0,3,CAI,3pct_CAI
792.6457712499998,5.0,423.0,28.0,95.0,36.0,1522.0,61.0,68.0,45.0,62.0,2.6581621,60.0,66.0,225086.95,7298.2236,170.0,87.0,5,PureComp,5pct_PureComp
388.661285,3.0,7.0,6.0,24.0,6.0,714.0,52.0,51.0,45.0,34.0,0.39674062,25.0,857.0,40976.75,802.01404,240.0,149.0,3,CAI,3pct_CAI
100.76853275,1.0,36.0,9.0,30.0,9.0,198.0,66.0,51.0,45.0,152.0,0.36622211,129.0,250.0,58886.352,4132.6138,221.0,123.0,0,PureComp,0pct_PureComp
129.28022475,7.0,23.0,4.0,21.0,8.0,212.0,66.0,19.0,45.0,99.0,0.0091555528,89.0,173.0,52789.398,3792.9055,194.0,143.0,3,CAI,3pct_CAI
363.5172705,3.0,17157.0,879.0,1078.0,652.0,21569.0,85.0,62.0,45.0,50.0,1.3031404,45.0,51.0,4074934.3,961419.69,178.0,111.0,3,CAI,3pct_CAI
352.16697075,3.0,2231.0,55.0,73.0,32.0,2408.0,64.0,43.0,45.0,30.0,0.14648885,101.0,24.0,205896.34,8882.4063,250.0,149.0,3,CAI,3pct_CAI
813.7385094999999,5.0,440.0,30.0,47.0,13.0,675.0,56.0,35.0,45.0,70.0,0.061037019,72.0,68.0,84811.352,2089.4832,182.0,117.0,5,CAI,5pct_CAI
789.99464575,5.0,628.0,49.0,82.0,26.0,1004.0,59.0,65.0,45.0,82.0,1.8494216,87.0,78.0,165041.59,5000.6318,193.0,120.0,5,PureComp,5pct_PureComp
96.09743875,1.0,581.0,13.0,20.0,6.0,613.0,51.0,43.0,45.0,33.0,0.15259255,218.0,22.0,40973.699,540.61072,292.0,249.0,0,PureComp,0pct_PureComp
337.243749,3.0,759.0,8.0,30.0,13.0,980.0,63.0,50.0,45.0,31.0,0.34180731,99.0,10.0,86790.797,4141.8228,175.0,120.0,3,CAI,3pct_CAI
99.68090825,1.0,1885.0,274.0,984.0,284.0,7428.0,79.0,64.0,45.0,132.0,1.6663107,128.0,145.0,1780038.0,264337.72,233.0,254.0,0,PureComp,0pct_PureComp
113.4383005,1.0,4.0,7.0,21.0,4.0,315.0,53.0,57.0,45.0,67.0,0.76601458,45.0,1750.0,28721.85,527.17334,239.0,251.0,0,PureComp,0pct_PureComp
789.1964034999999,5.0,205.0,11.0,62.0,17.0,916.0,56.0,67.0,45.0,68.0,2.5452437,71.0,53.0,111148.1,2449.1255,188.0,158.0,5,PureComp,5pct_PureComp
340.14938175,3.0,1209.0,53.0,97.0,39.0,1970.0,65.0,60.0,45.0,49.0,1.0467849,57.0,43.0,249499.16,12699.218,174.0,149.0,3,CAI,3pct_CAI
797.9734807499998,5.0,28.0,2.0,21.0,6.0,303.0,55.0,42.0,45.0,69.0,0.13122959,69.0,71.0,38975.949,926.53937,179.0,117.0,5,PureComp,5pct_PureComp
355.0300165,3.0,772.0,38.0,62.0,33.0,1031.0,66.0,57.0,45.0,60.0,0.7415998,92.0,49.0,210919.7,15551.524,172.0,152.0,3,CAI,3pct_CAI
377.33679825,5.0,129.0,15.0,91.0,89.0,969.0,77.0,66.0,45.0,94.0,2.1729178,90.0,116.0,557802.31,93432.977,148.0,90.0,3,CAI,3pct_CAI
361.5034465,5.0,52.0,4.0,22.0,7.0,314.0,53.0,33.0,45.0,70.0,0.048829615,68.0,76.0,46116.0,1153.5297,169.0,90.0,3,CAI,3pct_CAI
782.6138009999999,5.0,569.0,49.0,84.0,29.0,1506.0,59.0,70.0,45.0,56.0,3.2319102,37.0,86.0,186879.59,5238.2017,198.0,161.0,5,PureComp,5pct_PureComp
790.5545169999998,5.0,47.0,3.0,23.0,6.0,348.0,51.0,48.0,45.0,66.0,0.27161473,66.0,63.0,40171.551,785.64429,194.0,105.0,5,PureComp,5pct_PureComp
734.8712577499998,5.0,28.0,7.0,25.0,5.0,188.0,55.0,60.0,45.0,133.0,1.0467849,112.0,250.0,33138.25,1028.5873,211.0,158.0,5,PureComp,5pct_PureComp
410.19547175,5.0,79.0,12.0,34.0,16.0,337.0,63.0,20.0,45.0,101.0,0.0091555528,85.0,151.0,104572.3,6839.5215,166.0,152.0,1,CAI,1pct_CAI
534.77235725,5.0,106.0,11.0,41.0,16.0,391.0,63.0,57.0,45.0,105.0,0.73244423,105.0,103.0,100793.35,5208.186,150.0,158.0,1,CAI,1pct_CAI
97.42223925,5.0,62.0,9.0,25.0,6.0,206.0,60.0,46.0,45.0,121.0,0.21362957,111.0,145.0,43465.551,1716.1119,169.0,158.0,0,PureComp,0pct_PureComp
367.891222,3.0,2520.0,114.0,190.0,79.0,4211.0,62.0,58.0,45.0,45.0,0.81179237,44.0,45.0,498967.81,18360.131,199.0,146.0,3,CAI,3pct_CAI
336.4662895,3.0,17.0,3.0,40.0,35.0,983.0,74.0,46.0,45.0,41.0,0.21362957,38.0,176.0,221347.66,37985.293,158.0,152.0,3,CAI,3pct_CAI
804.5017132499999,5.0,124.0,10.0,30.0,10.0,574.0,58.0,72.0,45.0,52.0,4.5258951,44.0,80.0,68527.398,1824.8463,177.0,114.0,5,CAI,5pct_CAI
532.82967675,5.0,202.0,20.0,55.0,21.0,913.0,61.0,66.0,45.0,60.0,2.1851254,49.0,99.0,136411.25,4579.3643,174.0,84.0,1,CAI,1pct_CAI
806.5010334999998,5.0,123.0,13.0,103.0,56.0,1311.0,75.0,71.0,45.0,79.0,3.7873471,75.0,105.0,354980.34,40995.484,167.0,108.0,5,PureComp,5pct_PureComp
336.968521,3.0,298.0,6.0,44.0,17.0,1578.0,57.0,51.0,45.0,28.0,0.38758507,29.0,20.0,107646.7,2149.7046,220.0,149.0,3,CAI,3pct_CAI
1595.03688875,7.0,47.0,4.0,25.0,7.0,523.0,52.0,32.0,45.0,48.0,0.042725913,44.0,85.0,47137.75,790.55334,199.0,149.0,0,CAI,0pct_CAI
441.4369225,3.0,63.0,10.0,44.0,19.0,385.0,67.0,32.0,45.0,114.0,0.039674062,105.0,158.0,121451.0,8844.6602,200.0,146.0,3,CAI,3pct_CAI
345.2962775,3.0,54.0,9.0,21.0,9.0,236.0,63.0,48.0,45.0,89.0,0.26245919,65.0,166.0,62277.949,4506.6548,198.0,152.0,3,CAI,3pct_CAI
532.19756875,5.0,52.0,6.0,27.0,6.0,343.0,53.0,67.0,45.0,79.0,2.3987548,72.0,115.0,42925.699,943.32733,185.0,158.0,1,CAI,1pct_CAI
517.16290175,5.0,260.0,20.0,51.0,13.0,599.0,56.0,64.0,45.0,85.0,1.7700735,91.0,76.0,84051.898,2031.5006,186.0,87.0,1,CAI,1pct_CAI
806.4166602499998,5.0,23.0,6.0,48.0,23.0,780.0,66.0,69.0,45.0,62.0,3.0396435,55.0,260.0,148791.2,8433.5752,165.0,161.0,5,PureComp,5pct_PureComp
687.55749925,5.0,165.0,15.0,23.0,7.0,384.0,53.0,48.0,45.0,60.0,0.27161473,36.0,90.0,45814.051,1023.683,196.0,117.0,5,CAI,5pct_CAI
802.5097875,5.0,629.0,37.0,57.0,20.0,1049.0,58.0,69.0,45.0,54.0,3.0640583,47.0,58.0,129484.7,3219.7788,183.0,87.0,5,PureComp,5pct_PureComp
778.2598047499998,5.0,335.0,44.0,91.0,64.0,876.0,73.0,69.0,45.0,104.0,2.990814,86.0,131.0,400349.09,42063.605,158.0,117.0,5,PureComp,5pct_PureComp
653.6011695,5.0,22.0,4.0,22.0,7.0,306.0,56.0,40.0,45.0,72.0,0.10681479,63.0,181.0,47336.0,1352.929,170.0,99.0,1,PureComp,1pct_PureComp
517.28509475,5.0,340.0,28.0,39.0,10.0,473.0,55.0,65.0,45.0,82.0,1.9135106,82.0,82.0,65187.648,1495.7178,189.0,84.0,1,CAI,1pct_CAI
344.290707,3.0,70.0,11.0,62.0,43.0,1004.0,73.0,46.0,45.0,62.0,0.22278512,54.0,157.0,273301.34,35374.082,146.0,87.0,3,CAI,3pct_CAI
100.1651735,1.0,59.0,12.0,24.0,11.0,174.0,67.0,55.0,45.0,138.0,0.61037022,104.0,203.0,68795.797,5179.6289,188.0,123.0,0,PureComp,0pct_PureComp
789.8913192499998,5.0,15.0,11.0,34.0,11.0,392.0,62.0,65.0,45.0,87.0,1.8494216,61.0,733.0,72098.953,3184.1826,182.0,172.0,5,PureComp,5pct_PureComp
536.80764225,5.0,1167.0,103.0,197.0,347.0,2369.0,88.0,59.0,45.0,83.0,0.93081456,78.0,88.0,2172377.8,1424513.5,157.0,82.0,1,CAI,1pct_CAI
735.4298649999998,5.0,320.0,19.0,42.0,13.0,706.0,58.0,47.0,45.0,59.0,0.25025177,59.0,59.0,86330.25,2130.2793,193.0,87.0,5,PureComp,5pct_PureComp
532.45525025,5.0,28.0,4.0,20.0,6.0,288.0,54.0,65.0,45.0,69.0,1.9226661,61.0,142.0,42596.301,1106.4399,174.0,93.0,1,CAI,1pct_CAI
100.67108475,1.0,271.0,18.0,44.0,14.0,416.0,67.0,53.0,45.0,106.0,0.45777765,179.0,66.0,90710.047,6964.9746,288.0,348.0,0,PureComp,0pct_PureComp
810.0053967499998,5.0,1198.0,69.0,219.0,105.0,3299.0,68.0,75.0,45.0,66.0,5.838191,71.0,57.0,660443.94,43025.563,144.0,102.0,5,CAI,5pct_CAI
394.6912375,5.0,19.0,4.0,37.0,29.0,415.0,71.0,30.0,45.0,89.0,0.030518509,83.0,210.0,183704.55,25803.506,155.0,158.0,1,CAI,1pct_CAI
378.467187,7.0,100.0,10.0,35.0,17.0,347.0,65.0,59.0,45.0,101.0,0.982696,101.0,100.0,111440.9,8360.4746,173.0,149.0,3,CAI,3pct_CAI
366.575684,3.0,23.0,4.0,31.0,12.0,509.0,61.0,57.0,45.0,61.0,0.77211827,55.0,173.0,77915.297,3037.7163,179.0,123.0,3,CAI,3pct_CAI
361.185962,3.0,56.0,9.0,48.0,16.0,1104.0,58.0,64.0,45.0,43.0,1.7578661,37.0,160.0,104261.2,3102.8164,191.0,108.0,3,CAI,3pct_CAI
569.21078375,5.0,97.0,15.0,32.0,10.0,252.0,63.0,59.0,45.0,127.0,1.004059,109.0,154.0,65959.297,3606.3872,162.0,158.0,1,CAI,1pct_CAI
113.821982,7.0,5.0,9.0,26.0,4.0,113.0,57.0,43.0,45.0,230.0,0.1556444,157.0,1800.0,29517.9,1236.9171,287.0,251.0,0,PureComp,0pct_PureComp
372.2789255,3.0,3397.0,123.0,537.0,239.0,15858.0,69.0,69.0,45.0,34.0,3.0976286,33.0,36.0,1494811.1,51416.188,193.0,146.0,3,CAI,3pct_CAI
784.3832934999998,5.0,93.0,5.0,30.0,15.0,407.0,61.0,59.0,45.0,74.0,0.95522934,79.0,53.0,98615.648,4826.8628,138.0,87.0,5,PureComp,5pct_PureComp
90.0345225,3.0,35.0,6.0,23.0,10.0,213.0,67.0,23.0,45.0,108.0,0.012207404,95.0,171.0,68396.25,5152.4941,172.0,143.0,3,CAI,3pct_CAI
804.6137457499998,5.0,20.0,9.0,38.0,13.0,725.0,58.0,63.0,45.0,52.0,1.4648885,41.0,450.0,85140.75,2058.8289,189.0,117.0,5,PureComp,5pct_PureComp
330.5415755,3.0,7.0,2.0,37.0,14.0,1671.0,58.0,43.0,45.0,22.0,0.14954069,21.0,285.0,93378.797,1911.902,222.0,152.0,3,CAI,3pct_CAI
799.2214194999998,5.0,195.0,11.0,25.0,9.0,403.0,57.0,46.0,45.0,62.0,0.20447402,67.0,56.0,58560.0,1767.8136,166.0,105.0,5,PureComp,5pct_PureComp
519.9249605,5.0,466.0,32.0,51.0,17.0,716.0,60.0,38.0,45.0,71.0,0.082399979,76.0,68.0,112148.5,3258.885,160.0,87.0,1,CAI,1pct_CAI
798.4883434999998,5.0,93.0,8.0,23.0,7.0,424.0,52.0,44.0,45.0,54.0,0.1617481,45.0,86.0,45197.949,891.13568,183.0,105.0,5,PureComp,5pct_PureComp
520.1435705,5.0,4.0,2.0,22.0,7.0,197.0,60.0,39.0,45.0,112.0,0.091555528,103.0,500.0,48976.898,2016.0919,174.0,117.0,1,CAI,1pct_CAI
398.0267345,5.0,1896.0,145.0,239.0,212.0,3041.0,78.0,61.0,45.0,79.0,1.2329478,82.0,76.0,1329092.4,222005.14,144.0,140.0,3,PureComp,3pct_PureComp
385.161909,3.0,841.0,22.0,61.0,56.0,1562.0,75.0,56.0,45.0,39.0,0.66835535,54.0,26.0,354876.66,66577.031,165.0,146.0,3,CAI,3pct_CAI
334.639539,3.0,288.0,28.0,39.0,12.0,426.0,59.0,65.0,45.0,92.0,1.8097476,79.0,97.0,77750.602,3284.0127,223.0,149.0,3,CAI,3pct_CAI
365.6734795,3.0,5708.0,423.0,876.0,393.0,31162.0,65.0,49.0,45.0,28.0,0.30823696,17.0,74.0,2455308.0,72978.766,196.0,155.0,3,CAI,3pct_CAI
1586.58424125,3.0,125.0,8.0,30.0,11.0,829.0,50.0,27.0,45.0,36.0,0.021362957,31.0,64.0,70406.203,1141.925,203.0,143.0,0,CAI,0pct_CAI
100.094787,1.0,21.0,9.0,39.0,16.0,247.0,65.0,57.0,45.0,158.0,0.72328866,132.0,428.0,101253.9,8583.0215,220.0,125.0,0,PureComp,0pct_PureComp
801.74284,5.0,14.0,3.0,453.0,623.0,4742.0,89.0,71.0,45.0,96.0,3.6561174,95.0,214.0,3896222.5,3073375.3,128.0,117.0,5,CAI,5pct_CAI
791.8272035,5.0,251.0,17.0,31.0,10.0,509.0,56.0,66.0,45.0,61.0,2.050844,54.0,67.0,64242.148,1574.1423,187.0,87.0,5,PureComp,5pct_PureComp
718.4121427499999,5.0,34.0,6.0,31.0,16.0,358.0,68.0,18.0,45.0,87.0,0.0061037019,77.0,176.0,102300.05,8196.7939,178.0,114.0,5,PureComp,5pct_PureComp
811.0124852499998,5.0,8.0,2.0,20.0,6.0,272.0,59.0,58.0,45.0,74.0,0.88808864,68.0,250.0,42889.102,1564.2286,185.0,158.0,5,CAI,5pct_CAI
112.38130325,7.0,50.0,13.0,38.0,8.0,157.0,61.0,39.0,45.0,242.0,0.091555528,233.0,260.0,50376.852,2876.8484,270.0,251.0,0,PureComp,0pct_PureComp
779.7579499999998,5.0,66.0,5.0,37.0,12.0,516.0,59.0,65.0,45.0,72.0,1.882992,71.0,75.0,80443.75,2354.6431,167.0,84.0,5,PureComp,5pct_PureComp
329.3178345,3.0,718.0,24.0,36.0,11.0,880.0,58.0,45.0,45.0,41.0,0.18311106,74.0,33.0,73160.352,1659.2454,219.0,149.0,3,CAI,3pct_CAI
636.51225125,5.0,80.0,9.0,29.0,8.0,376.0,56.0,31.0,45.0,77.0,0.036622211,67.0,112.0,55153.148,1501.3459,159.0,99.0,1,PureComp,1pct_PureComp
115.00291525,1.0,177.0,15.0,42.0,10.0,446.0,60.0,43.0,45.0,94.0,0.15869625,100.0,84.0,64595.949,2119.5427,234.0,234.0,0,PureComp,0pct_PureComp
779.9966789999999,5.0,30.0,4.0,31.0,11.0,359.0,59.0,64.0,45.0,86.0,1.638844,82.0,133.0,73257.953,2711.0078,159.0,90.0,5,PureComp,5pct_PureComp
509.5510145,5.0,90.0,6.0,21.0,6.0,464.0,49.0,45.0,45.0,45.0,0.1861629,40.0,66.0,39543.25,679.60199,184.0,105.0,1,CAI,1pct_CAI
355.368283,3.0,476.0,37.0,57.0,16.0,992.0,54.0,66.0,45.0,57.0,2.2095401,38.0,77.0,101690.05,2148.4778,197.0,146.0,3,CAI,3pct_CAI
353.5074995,3.0,3391.0,93.0,274.0,303.0,5457.0,88.0,46.0,45.0,50.0,0.22278512,87.0,27.0,1896755.4,1162790.1,208.0,117.0,3,CAI,3pct_CAI
810.2267652499999,5.0,202.0,6.0,59.0,24.0,1088.0,64.0,75.0,45.0,54.0,5.777154,59.0,29.0,155876.34,6844.6782,183.0,117.0,5,CAI,5pct_CAI
334.6785835,3.0,765.0,31.0,78.0,35.0,3231.0,61.0,65.0,45.0,24.0,1.8097476,19.0,40.0,220810.84,6049.3882,192.0,146.0,3,CAI,3pct_CAI
244.092228,5.0,25.0,7.0,33.0,11.0,441.0,56.0,38.0,45.0,75.0,0.088503681,62.0,280.0,68759.203,1914.2373,163.0,140.0,3,PureComp,3pct_PureComp
384.8535075,3.0,19.0,4.0,42.0,14.0,1369.0,56.0,49.0,45.0,31.0,0.29908139,28.0,210.0,92006.297,1987.0624,216.0,146.0,3,CAI,3pct_CAI
806.9952617499998,5.0,906.0,67.0,163.0,65.0,2583.0,67.0,70.0,45.0,63.0,3.3234656,57.0,73.0,407983.25,16192.757,171.0,93.0,5,PureComp,5pct_PureComp
791.30776725,5.0,20.0,4.0,114.0,37.0,1836.0,56.0,64.0,45.0,62.0,1.721244,60.0,200.0,233593.41,5474.519,175.0,158.0,5,PureComp,5pct_PureComp
805.18372,5.0,12.0,3.0,70.0,27.0,870.0,66.0,73.0,45.0,80.0,4.9867244,78.0,250.0,170254.05,8712.0293,172.0,117.0,5,CAI,5pct_CAI
1584.1228965,3.0,19.0,3.0,64.0,16.0,600.0,58.0,30.0,45.0,107.0,0.030518509,104.0,157.0,105307.35,2786.929,208.0,146.0,0,CAI,0pct_CAI
791.3051885,5.0,604.0,21.0,24.0,9.0,649.0,52.0,64.0,45.0,37.0,1.721244,66.0,34.0,57382.699,959.54565,215.0,105.0,5,PureComp,5pct_PureComp
111.36112575,5.0,71.0,9.0,31.0,9.0,301.0,59.0,35.0,45.0,103.0,0.061037019,95.0,126.0,59770.852,2404.7715,186.0,161.0,0,PureComp,0pct_PureComp
377.9839855,7.0,32.0,5.0,32.0,15.0,267.0,64.0,60.0,45.0,120.0,1.0956144,114.0,156.0,99060.953,7580.5532,175.0,149.0,3,CAI,3pct_CAI
515.4168895,5.0,88.0,20.0,35.0,10.0,583.0,53.0,64.0,45.0,60.0,1.6937773,30.0,227.0,67453.797,1411.647,181.0,87.0,1,CAI,1pct_CAI
530.48808475,5.0,56.0,9.0,22.0,6.0,273.0,57.0,50.0,45.0,81.0,0.33570361,59.0,160.0,42273.0,1346.5626,159.0,117.0,1,CAI,1pct_CAI
734.1589305,5.0,41.0,7.0,42.0,21.0,432.0,65.0,44.0,45.0,97.0,0.17700736,89.0,170.0,134074.95,10312.288,176.0,158.0,5,PureComp,5pct_PureComp
783.4272459999999,5.0,540.0,56.0,134.0,64.0,1295.0,66.0,69.0,45.0,103.0,2.8962066,103.0,103.0,404652.66,26379.5,203.0,164.0,5,PureComp,5pct_PureComp
510.16819725,5.0,21.0,2.0,28.0,8.0,291.0,57.0,50.0,45.0,96.0,0.347911,96.0,95.0,55302.602,1912.0229,176.0,155.0,1,CAI,1pct_CAI
98.20341875,1.0,33.0,7.0,24.0,11.0,163.0,68.0,49.0,45.0,147.0,0.30823696,130.0,212.0,69985.297,6715.4282,188.0,123.0,0,PureComp,0pct_PureComp
359.42295575,3.0,410.0,22.0,48.0,17.0,1368.0,58.0,55.0,45.0,35.0,0.61342204,27.0,53.0,110620.45,2430.9763,192.0,152.0,3,CAI,3pct_CAI
386.735988,5.0,62.0,8.0,53.0,59.0,688.0,73.0,25.0,45.0,77.0,0.018311106,71.0,129.0,373005.84,60610.449,119.0,87.0,3,PureComp,3pct_PureComp
652.70023175,5.0,43.0,7.0,25.0,5.0,219.0,58.0,64.0,45.0,114.0,1.6846217,102.0,162.0,37249.648,1232.833,201.0,158.0,5,CAI,5pct_CAI
508.95172025,5.0,41.0,5.0,23.0,8.0,230.0,59.0,53.0,45.0,100.0,0.4852443,95.0,121.0,52786.352,2171.8347,163.0,102.0,1,CAI,1pct_CAI
334.3086755,3.0,29.0,5.0,28.0,8.0,622.0,57.0,65.0,45.0,45.0,1.8768883,38.0,172.0,56214.551,1570.5194,228.0,152.0,3,CAI,3pct_CAI
803.1302842499998,5.0,2.0,4.0,24.0,7.0,343.0,53.0,70.0,45.0,70.0,3.5309916,58.0,2000.0,44459.852,1005.5807,194.0,87.0,5,CAI,5pct_CAI
806.065735,5.0,37.0,34.0,41.0,15.0,1030.0,53.0,62.0,45.0,40.0,1.4160589,7.0,918.0,94476.797,1515.115,195.0,117.0,5,PureComp,5pct_PureComp
791.171917,5.0,376.0,30.0,74.0,30.0,1185.0,63.0,64.0,45.0,62.0,1.721244,54.0,79.0,192259.8,7810.9785,166.0,120.0,5,PureComp,5pct_PureComp
539.0079915,5.0,69.0,12.0,52.0,59.0,543.0,77.0,30.0,45.0,96.0,0.03357036,84.0,173.0,373405.41,82398.969,152.0,158.0,1,CAI,1pct_CAI
114.35031075,1.0,655.0,37.0,207.0,50.0,2130.0,71.0,72.0,45.0,97.0,4.3946652,115.0,56.0,312731.75,17116.234,258.0,249.0,0,PureComp,0pct_PureComp
686.97616975,5.0,22.0,5.0,29.0,5.0,188.0,54.0,44.0,45.0,154.0,0.17700736,144.0,227.0,33190.102,914.64771,226.0,158.0,5,CAI,5pct_CAI
113.448982,1.0,655.0,47.0,61.0,12.0,747.0,56.0,57.0,45.0,82.0,0.76601458,152.0,71.0,78336.203,1596.199,262.0,251.0,0,PureComp,0pct_PureComp
333.48245275,3.0,894.0,15.0,26.0,8.0,997.0,52.0,65.0,45.0,26.0,1.9135106,106.0,16.0,50419.551,825.50098,247.0,152.0,3,CAI,3pct_CAI
382.15235325,3.0,3259.0,111.0,382.0,152.0,11979.0,65.0,65.0,45.0,32.0,1.8677328,31.0,34.0,951706.75,25942.672,204.0,146.0,3,CAI,3pct_CAI
325.4236075,3.0,34.0,6.0,91.0,51.0,3934.0,67.0,59.0,45.0,23.0,0.96438491,21.0,176.0,321012.5,12125.593,196.0,149.0,3,CAI,3pct_CAI
114.79894225,1.0,590.0,44.0,50.0,12.0,748.0,58.0,45.0,45.0,67.0,0.20142217,37.0,74.0,75432.602,1863.4647,255.0,243.0,0,PureComp,0pct_PureComp
513.579619,5.0,106.0,17.0,225.0,726.0,2899.0,93.0,55.0,45.0,78.0,0.59511095,74.0,160.0,4539001.0,6026125.5,143.0,102.0,1,CAI,1pct_CAI
389.74636,5.0,6.0,1.0,53.0,35.0,575.0,68.0,21.0,45.0,92.0,0.0091555528,91.0,166.0,220945.05,19529.438,128.0,90.0,3,CAI,3pct_CAI
356.4629185,3.0,9883.0,156.0,194.0,107.0,10345.0,64.0,69.0,45.0,19.0,3.0915251,82.0,15.0,674556.31,17366.846,196.0,146.0,3,CAI,3pct_CAI
376.38001625,7.0,1.0,1.0,76.0,67.0,791.0,78.0,63.0,45.0,96.0,1.5503403,94.0,1000.0,423410.16,98825.805,163.0,149.0,3,CAI,3pct_CAI
798.8414877499998,5.0,24.0,5.0,27.0,7.0,256.0,59.0,60.0,45.0,105.0,1.083407,94.0,208.0,49589.949,1780.354,183.0,120.0,5,PureComp,5pct_PureComp
126.84093325,7.0,22.0,6.0,24.0,4.0,109.0,60.0,16.0,45.0,220.0,0.0061037019,206.0,272.0,30100.449,1448.4583,297.0,251.0,0,PureComp,0pct_PureComp
331.0106895,3.0,576.0,7.0,20.0,8.0,702.0,61.0,54.0,45.0,28.0,0.56459242,103.0,12.0,55445.949,1990.3856,220.0,149.0,3,CAI,3pct_CAI
787.2940617499999,5.0,71.0,10.0,37.0,15.0,464.0,65.0,54.0,45.0,80.0,0.51576281,68.0,140.0,96660.602,4993.981,166.0,117.0,5,CAI,5pct_CAI
516.8225695,5.0,159.0,7.0,23.0,6.0,368.0,53.0,59.0,45.0,63.0,0.99795526,76.0,44.0,40860.852,880.12067,194.0,117.0,1,CAI,1pct_CAI
96.052389,1.0,1347.0,99.0,117.0,26.0,1543.0,59.0,43.0,45.0,76.0,0.14648885,91.0,73.0,163980.2,3833.4285,255.0,251.0,0,PureComp,0pct_PureComp
99.79154625,1.0,311.0,21.0,46.0,8.0,446.0,55.0,64.0,45.0,103.0,1.6663107,185.0,67.0,54091.75,1384.0884,253.0,249.0,0,PureComp,0pct_PureComp
802.79875925,5.0,54.0,6.0,80.0,33.0,2381.0,55.0,72.0,45.0,34.0,4.361095,31.0,111.0,208912.8,3341.1353,193.0,87.0,5,CAI,5pct_CAI
99.1164145,7.0,218.0,22.0,45.0,7.0,333.0,58.0,53.0,45.0,135.0,0.4852443,200.0,100.0,45469.398,1379.3817,282.0,251.0,0,PureComp,0pct_PureComp
96.0423,7.0,25.0,8.0,41.0,12.0,170.0,68.0,24.0,45.0,241.0,0.015259255,227.0,320.0,75929.75,7426.2612,263.0,251.0,0,PureComp,0pct_PureComp
114.29855,5.0,23.0,3.0,29.0,8.0,440.0,55.0,68.0,45.0,66.0,2.7924435,62.0,130.0,54601.102,1271.1277,192.0,108.0,0,PureComp,0pct_PureComp
800.9015792499998,5.0,63.0,17.0,63.0,20.0,1018.0,58.0,64.0,45.0,62.0,1.7120883,48.0,269.0,130759.6,3618.0647,187.0,155.0,5,CAI,5pct_CAI
114.376664,5.0,281.0,7.0,24.0,12.0,482.0,62.0,68.0,45.0,50.0,2.6306956,84.0,24.0,76856.953,3278.3372,187.0,120.0,0,PureComp,0pct_PureComp
342.00127475,3.0,1281.0,36.0,328.0,907.0,5952.0,98.0,50.0,45.0,55.0,0.34485915,62.0,28.0,5667925.0,19922672.0,189.0,146.0,3,CAI,3pct_CAI
349.8122985,3.0,459.0,16.0,26.0,8.0,597.0,55.0,62.0,45.0,44.0,1.3428144,72.0,34.0,54854.25,1299.8689,206.0,120.0,3,CAI,3pct_CAI
794.2581255,5.0,251.0,15.0,59.0,19.0,1081.0,57.0,55.0,45.0,55.0,0.634785,53.0,59.0,120612.25,2470.4399,190.0,120.0,5,PureComp,5pct_PureComp
99.97773875,5.0,193.0,12.0,38.0,16.0,419.0,64.0,54.0,45.0,91.0,0.55848873,115.0,62.0,102681.3,6109.3364,176.0,158.0,0,PureComp,0pct_PureComp
330.17421825,3.0,444.0,1.0,76.0,28.0,1912.0,61.0,57.0,45.0,40.0,0.8026368,51.0,2.0,180639.3,5379.0947,188.0,152.0,3,CAI,3pct_CAI
342.980061,3.0,1045.0,25.0,75.0,37.0,3029.0,58.0,62.0,45.0,25.0,1.3824885,25.0,23.0,231821.34,5001.084,212.0,149.0,3,CAI,3pct_CAI
801.0958284999998,5.0,278.0,16.0,45.0,17.0,765.0,61.0,49.0,45.0,59.0,0.29602954,59.0,57.0,108939.9,3860.5081,191.0,117.0,5,PureComp,5pct_PureComp
688.1824174999999,5.0,61.0,8.0,24.0,7.0,204.0,60.0,46.0,45.0,118.0,0.22583698,111.0,131.0,48010.051,2141.5776,177.0,117.0,5,CAI,5pct_CAI
342.236001,3.0,27.0,5.0,23.0,5.0,260.0,53.0,60.0,45.0,88.0,1.025422,77.0,185.0,31921.301,818.81262,240.0,149.0,3,CAI,3pct_CAI
782.9283484999999,5.0,1513.0,129.0,489.0,604.0,6462.0,91.0,65.0,45.0,76.0,1.9318217,72.0,85.0,3773731.5,3188530.5,194.0,114.0,5,PureComp,5pct_PureComp
360.4584165,3.0,2086.0,65.0,103.0,36.0,3012.0,61.0,53.0,45.0,34.0,0.50965911,41.0,31.0,228094.25,5471.918,201.0,152.0,3,CAI,3pct_CAI
441.7220765,3.0,568.0,13.0,22.0,7.0,815.0,53.0,34.0,45.0,27.0,0.048829615,36.0,22.0,46238.0,752.00934,247.0,146.0,3,CAI,3pct_CAI
805.4843724999998,5.0,41.0,5.0,28.0,9.0,396.0,57.0,70.0,45.0,71.0,3.2410657,64.0,121.0,56769.648,1625.1857,171.0,102.0,5,PureComp,5pct_PureComp
421.97379275,3.0,69.0,9.0,23.0,6.0,209.0,58.0,28.0,45.0,110.0,0.027466659,100.0,130.0,41516.602,1514.6599,197.0,146.0,3,CAI,3pct_CAI
100.20275025,5.0,74.0,13.0,59.0,71.0,662.0,76.0,46.0,45.0,89.0,0.21057771,78.0,175.0,444195.91,104682.15,130.0,105.0,0,PureComp,0pct_PureComp
805.7520087499998,5.0,158.0,13.0,25.0,6.0,286.0,54.0,65.0,45.0,87.0,1.8524735,93.0,82.0,41123.148,977.8927,173.0,105.0,5,PureComp,5pct_PureComp
800.6070807499998,5.0,37.0,4.0,47.0,21.0,540.0,64.0,67.0,45.0,87.0,2.4750512,85.0,108.0,135660.95,8411.4131,154.0,158.0,5,CAI,5pct_CAI
359.055101,3.0,1271.0,24.0,74.0,31.0,3538.0,60.0,64.0,45.0,21.0,1.8097476,22.0,18.0,197691.84,4669.75,231.0,120.0,3,CAI,3pct_CAI
340.501404,3.0,8.0,7.0,41.0,20.0,1445.0,61.0,50.0,45.0,28.0,0.32959992,23.0,875.0,125452.6,4954.9419,193.0,117.0,3,CAI,3pct_CAI
810.9444012499998,5.0,275.0,25.0,93.0,38.0,1031.0,65.0,58.0,45.0,90.0,0.88503677,89.0,90.0,243353.41,13286.103,178.0,166.0,5,CAI,5pct_CAI
375.57256975,7.0,133.0,8.0,22.0,5.0,289.0,52.0,56.0,45.0,76.0,0.68361461,89.0,60.0,31408.9,595.36401,211.0,149.0,3,CAI,3pct_CAI
517.0515555,5.0,21.0,3.0,70.0,23.0,1309.0,58.0,63.0,45.0,53.0,1.5900143,52.0,142.0,149312.75,3416.7246,183.0,120.0,1,CAI,1pct_CAI
371.544439,7.0,61.0,13.0,38.0,12.0,292.0,62.0,43.0,45.0,130.0,0.15259255,108.0,213.0,75051.352,4033.2615,198.0,152.0,3,CAI,3pct_CAI
805.085507,5.0,73.0,8.0,56.0,18.0,600.0,59.0,69.0,45.0,93.0,3.0549028,91.0,109.0,113417.3,3752.7456,165.0,105.0,5,PureComp,5pct_PureComp
373.655498,3.0,4466.0,259.0,858.0,364.0,17628.0,70.0,70.0,45.0,49.0,3.4455397,45.0,57.0,2274787.5,105959.11,179.0,152.0,3,CAI,3pct_CAI
382.147746,3.0,2066.0,45.0,61.0,27.0,2807.0,55.0,65.0,45.0,22.0,1.8677328,21.0,21.0,169214.0,2387.6033,227.0,146.0,3,CAI,3pct_CAI
340.17730725,3.0,1720.0,43.0,59.0,27.0,2259.0,58.0,60.0,45.0,26.0,1.0467849,29.0,25.0,173825.59,4361.6768,221.0,152.0,3,CAI,3pct_CAI
338.547092,3.0,7.0,2.0,27.0,11.0,547.0,60.0,55.0,45.0,49.0,0.59511095,46.0,285.0,70217.102,2342.9692,187.0,99.0,3,CAI,3pct_CAI
368.79897575,3.0,1383.0,78.0,707.0,335.0,18926.0,72.0,63.0,45.0,37.0,1.5381329,35.0,56.0,2092650.8,107932.21,177.0,152.0,3,CAI,3pct_CAI
99.00831675,7.0,15.0,5.0,95.0,62.0,510.0,78.0,41.0,45.0,186.0,0.12512589,181.0,333.0,388377.84,121374.3,242.0,251.0,0,PureComp,0pct_PureComp
329.274044,7.0,37.0,12.0,34.0,6.0,218.0,54.0,27.0,45.0,156.0,0.021362957,121.0,324.0,40934.051,1177.25,219.0,152.0,3,CAI,3pct_CAI
100.218084,1.0,288.0,26.0,59.0,43.0,618.0,73.0,55.0,45.0,95.0,0.64088869,100.0,90.0,272605.94,46523.988,205.0,117.0,0,PureComp,0pct_PureComp
779.1677814999998,5.0,2045.0,107.0,127.0,41.0,2314.0,56.0,75.0,45.0,55.0,6.1555834,74.0,52.0,261592.41,5621.6948,202.0,158.0,5,PureComp,5pct_PureComp
108.47655475,1.0,332.0,24.0,35.0,7.0,517.0,56.0,48.0,45.0,68.0,0.26551104,59.0,72.0,49751.602,938.28772,227.0,123.0,0,PureComp,0pct_PureComp
778.49650475,5.0,40.0,6.0,34.0,15.0,500.0,61.0,61.0,45.0,68.0,1.2634662,60.0,150.0,97054.047,4298.9736,171.0,84.0,5,CAI,5pct_CAI
114.264612,1.0,2521.0,245.0,408.0,92.0,3889.0,64.0,72.0,45.0,105.0,4.422132,119.0,97.0,577727.94,20667.941,241.0,249.0,0,PureComp,0pct_PureComp
793.6243577499998,5.0,29.0,6.0,27.0,9.0,709.0,52.0,70.0,45.0,38.0,3.4089174,30.0,206.0,58184.852,942.51831,209.0,87.0,5,PureComp,5pct_PureComp
518.06451925,5.0,82.0,7.0,35.0,10.0,555.0,53.0,74.0,45.0,63.0,5.2095094,59.0,85.0,64943.648,1275.0707,177.0,120.0,1,CAI,1pct_CAI
796.3666379999999,5.0,109.0,14.0,134.0,322.0,1601.0,88.0,49.0,45.0,84.0,0.3112888,80.0,128.0,2013823.5,1689456.5,132.0,102.0,5,PureComp,5pct_PureComp
380.89868875,7.0,231.0,21.0,45.0,12.0,436.0,64.0,57.0,45.0,103.0,0.74465162,117.0,90.0,78244.703,3839.3867,221.0,246.0,3,CAI,3pct_CAI
344.94876475,3.0,530.0,28.0,53.0,26.0,911.0,65.0,51.0,45.0,58.0,0.39368877,65.0,52.0,165785.8,11427.577,180.0,149.0,3,CAI,3pct_CAI
325.84565775,7.0,43.0,74.0,112.0,44.0,808.0,65.0,29.0,45.0,139.0,0.027466659,49.0,1720.0,278980.44,21655.529,203.0,169.0,3,CAI,3pct_CAI
232.41313675,3.0,72.0,13.0,31.0,7.0,231.0,59.0,49.0,45.0,134.0,0.29908139,113.0,180.0,47076.75,1886.1213,227.0,149.0,0,CAI,0pct_CAI
517.437356,5.0,2931.0,260.0,399.0,283.0,4961.0,77.0,68.0,45.0,80.0,2.6093326,68.0,88.0,1771601.6,335295.0,162.0,102.0,1,CAI,1pct_CAI
333.42279175,7.0,74.0,14.0,91.0,149.0,791.0,80.0,36.0,45.0,115.0,0.064088874,107.0,189.0,934169.25,434990.34,164.0,152.0,3,CAI,3pct_CAI
788.6499709999998,5.0,354.0,30.0,43.0,11.0,544.0,55.0,61.0,45.0,79.0,1.1963255,68.0,84.0,72172.148,1709.7244,186.0,87.0,5,PureComp,5pct_PureComp
352.65050225,3.0,767.0,15.0,21.0,14.0,1659.0,51.0,28.0,45.0,13.0,0.024414808,6.0,19.0,93473.352,1080.0447,251.0,146.0,0,CAI,0pct_CAI
341.9942605,3.0,2067.0,54.0,96.0,44.0,3126.0,60.0,50.0,45.0,31.0,0.34485915,39.0,26.0,277275.5,7736.6899,190.0,123.0,3,CAI,3pct_CAI
372.7898555,7.0,49.0,9.0,33.0,14.0,272.0,65.0,53.0,45.0,121.0,0.4608295,107.0,183.0,93607.547,6614.1836,174.0,152.0,3,CAI,3pct_CAI
464.55306925,7.0,17.0,37.0,56.0,12.0,607.0,57.0,33.0,45.0,92.0,0.045777764,32.0,2176.0,80437.648,1952.6202,213.0,169.0,0,CAI,0pct_CAI
365.21532175,3.0,1318.0,45.0,112.0,43.0,3310.0,58.0,65.0,45.0,34.0,1.9287698,33.0,34.0,273621.59,5807.8257,209.0,143.0,3,CAI,3pct_CAI
786.5307829999998,5.0,303.0,12.0,22.0,7.0,436.0,55.0,67.0,45.0,50.0,2.5330362,75.0,39.0,45188.801,959.69,223.0,87.0,5,PureComp,5pct_PureComp
107.67805425,1.0,223.0,13.0,133.0,35.0,1879.0,64.0,53.0,45.0,71.0,0.50355542,72.0,58.0,220084.95,6356.9644,234.0,249.0,0,PureComp,0pct_PureComp
351.7815725,3.0,736.0,17.0,22.0,7.0,806.0,53.0,46.0,45.0,27.0,0.20447402,71.0,23.0,49885.801,802.10266,245.0,152.0,3,CAI,3pct_CAI
376.828458,7.0,2.0,2.0,22.0,3.0,182.0,52.0,65.0,45.0,121.0,1.9684439,111.0,1000.0,23664.949,541.01337,217.0,152.0,3,CAI,3pct_CAI
537.50574225,5.0,62.0,11.0,21.0,4.0,178.0,52.0,58.0,45.0,118.0,0.81179237,86.0,177.0,29289.15,774.5083,223.0,158.0,1,CAI,1pct_CAI
795.4792374999998,5.0,142.0,15.0,20.0,7.0,206.0,57.0,58.0,45.0,97.0,0.83315533,78.0,105.0,44167.051,1604.3927,149.0,120.0,5,PureComp,5pct_PureComp
383.884639,3.0,533.0,4.0,110.0,52.0,5795.0,60.0,63.0,45.0,19.0,1.5564439,20.0,7.0,326496.41,5781.5957,257.0,146.0,3,CAI,3pct_CAI
793.5192492499998,5.0,1160.0,48.0,78.0,31.0,1546.0,59.0,69.0,45.0,50.0,3.0854213,77.0,41.0,196746.34,5453.8838,164.0,87.0,5,PureComp,5pct_PureComp
570.87553825,5.0,71.0,13.0,94.0,212.0,929.0,87.0,23.0,45.0,101.0,0.015259255,94.0,183.0,1326798.8,966675.5,143.0,158.0,1,CAI,1pct_CAI
96.04576625,5.0,1987.0,129.0,217.0,157.0,3330.0,77.0,38.0,45.0,65.0,0.085451826,65.0,64.0,984091.63,148723.25,174.0,90.0,0,PureComp,0pct_PureComp
794.0502795,5.0,736.0,47.0,68.0,23.0,1364.0,55.0,63.0,45.0,50.0,1.5808588,33.0,63.0,143908.16,2923.9053,186.0,117.0,5,PureComp,5pct_PureComp
801.8322714999998,5.0,3070.0,179.0,323.0,122.0,4908.0,63.0,75.0,45.0,66.0,5.8534503,78.0,58.0,764818.0,25952.271,175.0,87.0,5,PureComp,5pct_PureComp
784.2335077499998,5.0,71.0,16.0,41.0,11.0,490.0,56.0,64.0,45.0,84.0,1.739555,59.0,225.0,70912.5,1761.8444,181.0,114.0,5,PureComp,5pct_PureComp
790.7557544999999,5.0,242.0,11.0,44.0,15.0,1098.0,53.0,48.0,45.0,40.0,0.25940734,38.0,45.0,97038.797,1566.4343,199.0,114.0,5,PureComp,5pct_PureComp
794.84894675,5.0,157.0,12.0,31.0,11.0,405.0,62.0,58.0,45.0,77.0,0.82094789,76.0,76.0,70711.203,2875.2102,182.0,102.0,5,PureComp,5pct_PureComp
788.1357475,5.0,3.0,1.0,23.0,5.0,341.0,51.0,67.0,45.0,67.0,2.3010957,65.0,333.0,36871.449,702.38129,205.0,158.0,5,PureComp,5pct_PureComp
534.18679875,5.0,108.0,13.0,30.0,14.0,356.0,62.0,56.0,45.0,84.0,0.64394057,68.0,120.0,92991.453,4769.5713,149.0,93.0,1,CAI,1pct_CAI
99.086947,7.0,1247.0,157.0,259.0,62.0,1964.0,64.0,45.0,45.0,132.0,0.19226661,142.0,125.0,389780.84,20947.512,259.0,254.0,0,PureComp,0pct_PureComp
96.072748,1.0,10.0,24.0,44.0,6.0,225.0,55.0,43.0,45.0,196.0,0.15259255,93.0,2400.0,42410.25,1355.45,255.0,251.0,0,PureComp,0pct_PureComp
779.7554954999998,5.0,43.0,7.0,97.0,54.0,1875.0,70.0,65.0,45.0,52.0,1.882992,49.0,162.0,339641.91,25325.869,143.0,93.0,5,PureComp,5pct_PureComp
341.26684575,3.0,8751.0,351.0,458.0,249.0,12132.0,72.0,68.0,45.0,38.0,2.6154363,31.0,40.0,1561468.9,120768.77,172.0,140.0,3,CAI,3pct_CAI
802.8492,5.0,2324.0,219.0,384.0,416.0,5131.0,89.0,72.0,45.0,75.0,4.422132,58.0,94.0,2598786.0,1391497.5,170.0,117.0,5,CAI,5pct_CAI
781.7528969999998,5.0,326.0,14.0,20.0,6.0,433.0,54.0,58.0,45.0,46.0,0.82399976,56.0,42.0,41760.602,753.29999,210.0,87.0,5,PureComp,5pct_PureComp
688.92681275,5.0,19.0,4.0,23.0,7.0,270.0,62.0,40.0,45.0,85.0,0.10986663,75.0,210.0,49007.398,1987.2313,180.0,123.0,5,CAI,5pct_CAI
532.66938075,5.0,320.0,15.0,43.0,12.0,711.0,53.0,66.0,45.0,60.0,2.1607106,71.0,46.0,80065.547,1539.3496,194.0,158.0,1,CAI,1pct_CAI
532.2807845,5.0,176.0,18.0,33.0,12.0,511.0,58.0,67.0,45.0,65.0,2.5055697,44.0,102.0,77531.0,2241.3477,165.0,82.0,1,CAI,1pct_CAI
98.56246025,1.0,35.0,8.0,23.0,5.0,120.0,63.0,50.0,45.0,192.0,0.34485915,176.0,228.0,32180.551,1676.3107,237.0,251.0,0,PureComp,0pct_PureComp
698.37851325,5.0,20.0,5.0,47.0,26.0,439.0,68.0,31.0,45.0,107.0,0.036622211,100.0,250.0,166953.95,14402.142,164.0,123.0,5,CAI,5pct_CAI
438.797239,3.0,8.0,14.0,27.0,16.0,229.0,66.0,30.0,45.0,118.0,0.03357036,58.0,1750.0,103419.4,9370.627,167.0,152.0,3,CAI,3pct_CAI
375.5997215,7.0,12.0,3.0,21.0,4.0,186.0,52.0,57.0,45.0,113.0,0.76601458,103.0,250.0,26623.449,629.49768,194.0,149.0,3,CAI,3pct_CAI
513.0057812499999,5.0,46.0,15.0,23.0,8.0,612.0,49.0,52.0,45.0,38.0,0.43031099,14.0,326.0,51968.949,812.34204,191.0,161.0,1,CAI,1pct_CAI
331.5414725,3.0,1151.0,8.0,22.0,14.0,2128.0,54.0,62.0,45.0,10.0,1.3153478,14.0,6.0,87901.0,1089.4753,213.0,155.0,3,CAI,3pct_CAI
101.252217,5.0,29.0,4.0,22.0,10.0,318.0,63.0,45.0,45.0,69.0,0.19837031,62.0,137.0,68140.047,3670.0908,161.0,82.0,0,PureComp,0pct_PureComp
516.15350025,5.0,166.0,20.0,81.0,84.0,978.0,77.0,59.0,45.0,83.0,0.92165899,75.0,120.0,526006.06,96709.375,152.0,87.0,1,CAI,1pct_CAI
338.97318575,3.0,2011.0,18.0,44.0,29.0,3510.0,67.0,59.0,45.0,13.0,0.99795526,17.0,8.0,184515.84,6588.4243,222.0,149.0,3,CAI,3pct_CAI
339.1230025,3.0,413.0,12.0,39.0,17.0,1171.0,60.0,59.0,45.0,33.0,0.99490339,35.0,29.0,108088.95,3719.7732,176.0,149.0,3,CAI,3pct_CAI
70.4773,3.0,41.0,6.0,31.0,26.0,307.0,72.0,24.0,45.0,101.0,0.015259255,93.0,146.0,166322.59,25608.768,154.0,117.0,3,CAI,3pct_CAI
114.847829,1.0,144.0,4.0,20.0,4.0,289.0,58.0,45.0,45.0,69.0,0.1861629,110.0,27.0,25705.4,631.32562,263.0,231.0,0,PureComp,0pct_PureComp
402.999899,5.0,68.0,9.0,47.0,38.0,553.0,70.0,14.0,45.0,85.0,0.0030518509,78.0,132.0,237875.59,25617.969,132.0,84.0,3,CAI,3pct_CAI
354.88012275,3.0,1890.0,35.0,51.0,21.0,2259.0,58.0,58.0,45.0,23.0,0.85451829,43.0,18.0,135633.5,2960.0444,257.0,146.0,3,CAI,3pct_CAI
362.186029,3.0,49.0,7.0,65.0,27.0,1528.0,62.0,68.0,45.0,43.0,2.5971251,39.0,142.0,170092.41,5932.5205,178.0,137.0,3,CAI,3pct_CAI
791.6380044999999,5.0,507.0,31.0,51.0,18.0,1084.0,55.0,66.0,45.0,47.0,2.0722067,34.0,61.0,113417.3,2198.6218,191.0,111.0,5,PureComp,5pct_PureComp
797.0606387499998,5.0,480.0,21.0,42.0,15.0,1103.0,55.0,58.0,45.0,38.0,0.86062199,33.0,43.0,99387.297,1692.696,186.0,87.0,5,PureComp,5pct_PureComp
327.8140265,3.0,477.0,3.0,25.0,11.0,827.0,58.0,48.0,45.0,30.0,0.28382215,62.0,6.0,72028.797,2015.3241,195.0,140.0,3,CAI,3pct_CAI
